"LAD code","Name","Population_number","GDHI","GDHI_PH","Mean_age","Photovoltaics_2024","Onshore_Wind_2024","Offshore_Wind_2024","Total_Capacity_2024","Photovoltaics_2014","Onshore_Wind_2014","Offshore_Wind_2014","Total_Capacity_2014","Batchalors_degree_or_higher_(%)"
"E06000047","County Durham",538011,10345,19439,43.5,78.37163237,135.4206,0,252.65213237,22.309,136.31,0,195.917,26.7
"E06000005","Darlington",112489,2281,20631,43,20.40617584,12.6341,0,34.88027584,4.427,0.634,0,5.401,29
"E06000001","Hartlepool",98180,1863,19530,41.3,23.65742,20.574,0,75.84942,3.392,8.299,0,11.691,24.8
"E06000002","Middlesbrough",156161,2728,17872,36.3,10.23231,0.1215,0,15.45181,3.79,0.11,0,3.9,26.4
"E06000057","Northumberland",331420,7585,23192,49.1,52.5472155,272.9946,40,828.2508155,17.03,192.696,4.25,227.332,30.7
"E06000003","Redcar and Cleveland",139228,2653,19234,45.7,17.21814,2.706,62,181.928454331501,5.045,1.046,62.1,106.988,24.9
"E06000004","Stockton-on-Tees",206800,4091,20209,41,28.8679703,18.302,0,160.3139703,7.667,10.302,0,79.693,29.5
"E08000037","Gateshead",202760,3809,19127,41.6,13.45963456,0.01,0,29.94095456,4.142,0.01,0,20.064,28
"E08000021","Newcastle upon Tyne",320605,6134,19661,33.6,18.3523679,0,0,20.9293679,6.076,0,0,8.653,34.6
"E08000022","North Tyneside",215025,4486,21185,43.2,19.20433368,0.006,0,19.21033368,8.927,0.006,0,8.933,32.9
"E08000023","South Tyneside",151393,2920,19563,42.9,11.78554,0.3514,0,18.28694,4.741,0.351,0,11.242,26.1
"E08000024","Sunderland",288606,5270,18751,41.9,41.49670001,14.7525,0,58.21520001,14.62,14.729,0,31.315,24.6
"E06000008","Blackburn with Darwen",162540,2685,17049,36.2,14.0227716,0.18246,0,16.5372316,6.19,0.182,0,7.539,26.8
"E06000009","Blackpool",144191,2689,18846,42.9,6.780315,0.0065,0,6.786815,2.207,0,0,2.207,22.5
"E06000049","Cheshire East",421298,11564,28036,44.8,72.82680521,0.366,0,86.24580521,19.064,0.36,0,31.9,37.6
"E06000050","Cheshire West and Chester",371652,8975,24584,43.4,60.75474,50.37777,0,147.77351,14.008,0.028,0,22.955,35.7
"E06000063","Cumberland",280495,5928,21411,46.3,78.87519546,169.14098,0,312.60328546,NA,NA,NA,NA,27.6
"E06000006","Halton",131543,2636,20341,41.4,11.444099,0.016,0,138.415099,2.257,0.011,0,50.023,23.9
"E06000007","Warrington",215391,5161,24301,42.8,27.44009,0.521,0,61.58609,6.417,0.021,0,39.841,33
"E06000064","Westmorland and Furness",230185,5724,25083,49.5,68.66740364,46.0171,329,456.52590364,NA,NA,NA,NA,33.1
"E08000001","Bolton",310085,5969,19739,38.2,27.77742464,0.022,0,39.45357464,6.043,0.011,0,20.003,27.4
"E08000002","Bury",198921,4349,22248,40.1,10.75571,0.297,0,19.89071,3.294,0.297,0,12.404,32.3
"E08000003","Manchester",589670,10987,18945,30.4,36.86482432,0.0025,0,47.54032432,10.385,0.003,0,14.738,37.6
"E08000004","Oldham",251560,4451,18084,36.9,15.46832638,0.1496,0,27.81442638,5.587,0.15,0,17.918,24.6
"E08000005","Rochdale",235561,4254,18515,37.9,22.6125894,1.2625,0,24.1000894,6.721,0.682,0,7.553,26.4
"E08000006","Salford",294348,6003,21128,33.1,19.451787,0.5,0,24.240787,5.547,0,0,9.836,33.5
"E08000007","Stockport",303929,7448,24864,41.9,24.78407168,0.005,0,29.73257168,10.09,0.005,0,14.566,37.6
"E08000008","Tameside",239643,4563,19444,39.7,23.11308977,0,0,24.66308977,8.375,0,0,9.94,24.4
"E08000009","Trafford",241025,6782,28557,40.7,15.01050783,0,0,32.43804783,3.817,0,0,18.28,43
"E08000010","Wigan",344922,6565,19357,41.3,27.65509591,0.0645,0,36.20159591,10.838,0.037,0,18.473,25.8
"E07000117","Burnley",99233,1662,17234,38.8,7.21863343,28.695,0,37.76363343,2.303,28.634,0,32.787,24.3
"E07000118","Chorley",120839,2688,22525,43.8,14.206417,2.294,0,26.646417,3.46,2.294,0,15.9,33.8
"E07000119","Fylde",85447,2290,27311,51.9,35.31979176,0.089,0,40.81679176,2.747,0.027,0,7.882,34.5
"E07000120","Hyndburn",86058,1437,17055,39,9.12731,24.82,0,40.52831,2.051,24.815,0,33.447,25.2
"E07000121","Lancaster",145006,2921,20066,41.1,25.4410415,28.61,1325,1384.6200415,4.528,16.125,812.4,837.44,32.3
"E07000122","Pendle",99777,1764,18176,39.2,9.02909,1.151,0,10.81709,2.629,0.812,0,4.078,25.4
"E07000123","Preston",162864,2934,18758,35.3,22.58629,0.277,0,24.06329,3.785,0.027,0,5.012,31.7
"E07000124","Ribble Valley",65794,1920,29775,48.5,16.74287,0.563,0,18.10987,2.929,0.512,0,4.114,39.7
"E07000125","Rossendale",73045,1583,22128,42.2,8.049915,114.2957,0,122.745615,2.541,65.916,0,68.856,30.7
"E07000126","South Ribble",116113,2491,21936,44.2,14.59008453,0.0395,0,18.15158453,4.454,2.388,0,10.448,32
"E07000127","West Lancashire",121995,2865,23735,44.1,19.72579,3.0913,0,22.81709,4.314,0.091,0,4.405,30
"E07000128","Wyre",118743,2674,22854,50.6,23.93442525,6.9908,0,39.69622525,4.519,6.674,183.6,203.564,28.3
"E08000011","Knowsley",162565,3108,19519,39,17.41845,0.516,0,18.18445,7.427,0.006,0,7.603,23.8
"E08000012","Liverpool",508961,9559,18976,35.1,27.568252,0.5835,0,31.068752,6.5,0.078,0,8.516,30.8
"E08000014","Sefton",286281,6193,21904,45.2,15.46187,13.061,0,33.30987,4.679,13.062,0,18.321,29.9
"E08000013","St. Helens",188861,3761,20225,42.3,15.820874,1.022,0,31.907874,4.144,1.022,0,19.931,27.2
"E08000015","Wirral",328873,7149,22005,44,19.40981435,0.086,349,372.76081435,6.324,0.036,90,101.628,31.5
"E06000011","East Riding of Yorkshire",355884,8299,23705,49.6,90.3692249,327.22876,285,757.1859849,33.605,220.547,24,292.461,30.5
"E06000010","Kingston upon Hull, City of",275401,4623,17001,36.9,33.00061879,0.056,0,68.91761879,NA,NA,NA,NA,21.7
"E06000012","North East Lincolnshire",159911,3134,19796,43,59.99611121,1.416,2823,2894.26411121,5.787,0.516,0,15.615,21.6
"E06000013","North Lincolnshire",171336,3393,19950,44.9,88.97172749,128.54,0,310.73972749,16.828,87.124,0,138.832,23.9
"E06000065","North Yorkshire",635270,16756,26697,48.7,267.05258958,51.536247,0,3043.07269658,NA,NA,NA,NA,34.7
"E06000014","York",209301,4870,23553,38.7,20.420067,0.0426,0,28.298667,8.465,0.123,0,16.77,38.8
"E08000016","Barnsley",251770,5069,20404,42,30.13647,37.3905,0,76.93587,15.465,26.308,0,42.182,23.4
"E08000017","Doncaster",319765,6259,19922,41.1,61.088611,61.1,0,144.751611,18.999,60.52,0,102.082,22.7
"E08000018","Rotherham",276595,5368,19793,41,28.934245,25.165,0,99.593945,15.074,24.985,0,41.544,23.1
"E08000019","Sheffield",582493,11157,19462,36.6,42.73509941,0.0655,0,131.89259941,13.591,0.055,0,75.87,33.4
"E08000032","Bradford",563605,9962,17784,36.9,31.84228751,2.6021,0,39.40638751,12.549,1.254,0,18.394,27.4
"E08000033","Calderdale",210929,4405,21103,42.3,16.82757248,51.4642,0,70.22257248,6.456,23.064,0,31.401,30.9
"E08000034","Kirklees",447847,8845,20010,39.8,35.16875576,2.8932,0,49.09995576,14.941,2.086,0,27.565,29.9
"E08000035","Leeds",845189,17993,21694,36.1,61.61857927,12.3887,0,107.34527927,17.811,0.191,0,34.378,34.7
"E08000036","Wakefield",367666,7491,20706,41,41.78436804,1.341,0,235.91126804,14.875,0.606,0,35.886,24.3
"E06000015","Derby",274149,5040,18915,37.4,23.41984408,5.011,0,52.02284408,10.363,0.011,0,12.566,29.7
"E06000016","Leicester",388348,6102,16067,32.9,29.08777685,0.0238,0,31.37957685,11.724,0.024,0,11.936,26.8
"E06000061","North Northamptonshire",373871,8228,22360,41,174.633736,86.2562,0,275.640936,NA,NA,NA,NA,26.7
"E06000018","Nottingham",331077,5539,16823,31.3,33.35931776,0.006,0,46.3103177599999,14.005,0.006,0,27.521,28.6
"E06000017","Rutland",41443,1166,28694,47.7,24.78986,0.085,0,24.92486,12.386,0.085,0,12.471,37.9
"E06000062","West Northamptonshire",439811,10690,24612,40,162.220035,77.9145,0,257.613535,NA,NA,NA,NA,31.8
"E07000032","Amber Valley",130451,2901,22715,45.9,36.12397906,0.919,0,37.81097906,5.272,0.189,0,6.015,28.8
"E07000033","Bolsover",83773,1587,19162,43.1,25.074,1.3955,0,27.9545,4.655,0.08,0,6.22,21.7
"E07000034","Chesterfield",106045,2131,20318,44.5,37.87245001,0.5,0,46.36845001,6.489,0.5,0,14.968,26.8
"E07000035","Derbyshire Dales",71757,2208,30873,53.2,75.691498,18.979,0,96.020498,5.254,8.629,0,14.665,39.2
"E07000036","Erewash",114253,2399,21075,43.5,11.361155,0.045,0,11.586155,4.752,0.045,0,4.977,25.9
"E07000037","High Peak",91959,2122,23177,46.9,7.726765,0.017,0,12.471765,2.719,0.017,0,7.211,35.6
"E07000038","North East Derbyshire",106646,2325,22132,46.6,62.18036,0.7575,0,63.38086,5.939,0.258,0,6.445,27.6
"E07000039","South Derbyshire",117493,2605,22839,41.6,36.24731906,0.156,0,37.43631906,9.604,0.156,0,10.742,31.8
"E07000129","Blaby",108165,2232,21201,42.2,15.3627755,0.841,0,24.0537755,4.38,1.151,0,13.381,30.5
"E07000130","Charnwood",188385,4166,22158,39.8,82.966867,3.8955,0,134.896367,41.317,3.895,0,50.17,32.6
"E07000131","Harborough",104713,2894,28215,45.3,49.153695,32.4338,0,104.571545,5.62,31.854,0,43.564,37.8
"E07000132","Hinckley and Bosworth",116682,2610,22701,44.7,56.159829,3.518,0,62.647829,7.156,0.931,0,10.917,29.4
"E07000133","Melton",54052,1368,25704,47.5,34.85148617,15.7275,0,51.58898617,4.419,0.992,0,5.921,31.1
"E07000134","North West Leicestershire",111881,2495,22618,42.7,69.097475,3.268,0,77.930475,4.57,1.308,0,12.445,30
"E07000135","Oadby and Wigston",61695,1283,21514,40.8,5.91318641,0.02,0,5.93318641,2.514,0.02,0,2.534,32
"E07000136","Boston",71080,1386,19426,42.7,43.98925788,26.1733,0,943.96555788,18.083,26.158,0,50.544,19
"E07000137","East Lindsey",145183,3246,22327,54.1,120.35130375,68.4542,194.4,393.10150375,24.664,34.939,194.4,259.527,21.5
"E07000138","Lincoln",105114,1878,18178,34.7,8.3931985,0,0,8.3931985,3.276,0,0,3.276,26.4
"E07000139","North Kesteven",122468,2747,22667,46.1,167.75932493,1.044,0,237.96432493,57.347,0.034,0,121.062,29.9
"E07000140","South Holland",99298,2036,20789,46.1,92.954655,44.01235,270,425.919005,11.817,43.374,270,325.192,20.1
"E07000141","South Kesteven",147151,3623,24858,46.2,78.83566252,1.133,0,89.14366252,34.441,0.648,0,42.079,30.1
"E07000142","West Lindsey",99208,2191,22385,48.3,54.06836675,3.5283,0,70.42216675,11.469,1.178,0,16.511,29.3
"E07000170","Ashfield",129572,2410,18772,42.1,17.813325,0.675,0,23.006325,5.573,0.095,0,8.686,21.6
"E07000171","Bassetlaw",124937,2638,21571,44.6,155.26869868,4.7582,0,181.61339868,29.094,3.618,0,43.586,25.5
"E07000172","Broxtowe",114565,2433,21498,42.3,20.206975,2.58,0,23.523975,4.123,2.58,0,7.383,34.2
"E07000173","Gedling",120179,2669,22513,43.8,18.05144279,3.846,0,39.67744279,4.893,0.346,0,20.569,31.9
"E07000174","Mansfield",113138,2272,20267,41.8,56.04289978,0,0,56.80289978,16.581,0.16,0,17.141,22.1
"E07000175","Newark and Sherwood",127886,2963,23486,45,165.86751,40.6402,0,238.41871,22.886,24.125,0,49.781,29
"E07000176","Rushcliffe",126736,3504,28293,43.9,70.236445,0.026,0,84.616445,19.341,0.021,0,19.362,45.3
"E06000019","Herefordshire, County of",191047,4704,24774,49.1,119.6473536,0.2558,0,131.1033536,NA,NA,NA,NA,32.7
"E06000051","Shropshire",332455,7844,23824,48.9,279.38917982,2.6804,0,315.43297982,48.028,1.516,0,422.734,32.5
"E06000021","Stoke-on-Trent",270425,4638,17626,37.6,35.25033819,0.015,0,51.36133819,8.215,0.095,0,28.278,21.8
"E06000020","Telford and Wrekin",195952,3892,20279,39.8,50.94989928,0.05,0,68.08289928,11.449,0.05,0,16.835,26.1
"E07000192","Cannock Chase",104088,2069,20117,42,8.902613,0,0,23.624613,2.603,0,0,16.8,22.7
"E07000193","East Staffordshire",129659,2734,21422,41.2,58.94596048,0.857,0,62.87876048,5.784,0.277,0,9.025,28.7
"E07000194","Lichfield",111932,2932,26610,45.7,14.654435,1.945,0,17.101435,5.008,0.67,0,5.681,33.6
"E07000195","Newcastle-under-Lyme",127727,2592,20244,42.6,15.82253512,1.5375,0,19.54103512,5.083,0.038,0,7.251,28
"E07000196","South Staffordshire",114423,2872,25399,48,24.8721,4.053,0,63.4851,9.833,0.003,0,38.844,29.4
"E07000197","Stafford",141556,3378,24013,45.2,19.7069,2.051,0,28.25866,7.918,0.81,0,14.821,35.1
"E07000198","Staffordshire Moorlands",96651,2175,22712,50.1,34.29521834,1.2324,0,44.07336834,4.938,0.817,0,13.54,28.4
"E07000199","Tamworth",81117,1555,19377,40.9,6.330725,0,0,8.336725,2.106,0,0,4.112,21.9
"E07000218","North Warwickshire",67117,1471,22225,44.8,30.400765,0.08,0,48.186765,5.703,0.08,0,16.813,24.8
"E07000219","Nuneaton and Bedworth",141565,2761,20039,40.2,9.06974,0,0,11.36974,3.357,0,0,5.657,24.5
"E07000220","Rugby",122378,2754,23182,40.3,83.426855,0.023,0,91.395615,4.589,0.018,0,11.594,34.9
"E07000221","Stratford-on-Avon",146258,4565,32164,47.7,101.832085,0.049,0,105.373085,7.962,0.049,0,9.639,39.5
"E07000222","Warwick",154889,4373,28555,40.1,31.839476,0.006,0,37.495256,11.196,0.006,0,16.209,45.2
"E08000025","Birmingham",1183618,21353,18312,33.7,54.44211012,0.0105,0,127.21146012,17.745,0.007,0,58.601,29.9
"E08000026","Coventry",369026,6874,19057,34.3,20.7136295,0,0,38.7136295,6.909,0,0,24.509,30.6
"E08000027","Dudley",331930,6285,19238,41.3,17.770565,0,0,27.042565,6.867,0,0,16.539,25
"E08000028","Sandwell",353860,5756,16562,36.6,16.9471278,0.0095,0,26.3726278,5.858,0.004,0,8.884,22.7
"E08000029","Solihull",221242,5867,26815,42.7,14.71982,0,0,14.95982,5.077,0,0,5.317,35.4
"E08000030","Walsall",295678,5255,18199,38.1,14.87205,0,0,17.96805,5.236,0,0,8.332,23.7
"E08000031","Wolverhampton",281251,4951,18174,37.4,28.884535,0,0,38.105185,10.295,0,0,19.05,26.2
"E07000234","Bromsgrove",101685,2877,28576,45.3,10.8803364,0.08,0,12.9803364,4.271,0.08,0,6.319,36.6
"E07000235","Malvern Hills",83227,2198,26860,51,20.279665,0,0,23.794665,5.395,0,0,6.065,38.8
"E07000236","Redditch",87847,1874,21525,40.9,7.258321,0,0,7.258321,2.748,0,0,2.748,25.9
"E07000237","Worcester",106671,2123,20193,39.8,11.009382,0,0,11.659382,2.837,0,0,3.462,33.7
"E07000238","Wychavon",138017,3640,26718,47.9,219.51112784,0.842,0,252.40812784,30.908,0.32,0,39.591,33
"E07000239","Wyre Forest",103913,2292,22201,47.2,10.972432,0.011,0,11.509432,3.54,0.011,0,3.941,26.1
"E06000055","Bedford",194976,4629,24378,39.6,84.4581479,9.9485,0,225.6556479,7.146,0.379,0,30.206,34.7
"E06000056","Central Bedfordshire",315877,7915,25673,40.5,108.02975184,28.2654,0,170.01015184,10.086,43.155,0,87.551,33.2
"E06000032","Luton",239090,4468,19338,33.5,9.99306,0.022,0,10.01506,3.059,0,0,3.059,29.8
"E06000031","Peterborough",223655,4476,20393,36.9,50.49275748,46.08,0,111.46975748,16.81,16,0,39.707,26.2
"E06000033","Southend-on-Sea",185256,4617,25329,41.7,10.363943,0,0,10.363943,2.816,0,0,2.816,27.2
"E06000034","Thurrock",180989,4112,23074,37,73.5262179,10.221,0,164.6439179,15.63,9.221,0,68.559,26.2
"E07000008","Cambridge",149352,3874,25834,31.5,18.152522,0,0,19.092522,3.447,0,0,4.387,55.8
"E07000009","East Cambridgeshire",92906,2463,26924,43.7,291.5692305,0.119,0,351.1073305,55.907,0.113,0,99.74,35
"E07000010","Fenland",104896,2221,21448,44.8,43.567525,116.671,0,172.819525,22.594,94.181,0,123.041,19
"E07000011","Huntingdonshire",190619,4576,24594,42.7,155.2451047,69.899,0,234.2271047,51.31,53.586,0,111.129,33.4
"E07000012","South Cambridgeshire",172544,5240,31091,42.7,295.545835,26.493,0,328.340835,89.957,26.487,0,122.746,47.8
"E07000066","Basildon",193632,4607,24180,38.8,27.364023,0.017,0,44.275023,4.463,0.006,0,20.864,24.6
"E07000067","Braintree",164304,4024,25155,42.9,150.6928122,0.064,0,153.4368122,19.595,0.064,0,21.657,25.8
"E07000068","Brentwood",79326,2707,34635,42.1,56.31874,0.5,0,56.85974,2.075,0.011,0,2.127,35.4
"E07000069","Castle Point",90581,2294,25529,46.3,6.03517,0,0,6.03517,2.47,0,0,2.47,18.5
"E07000070","Chelmsford",188803,5154,27815,41.3,21.2680494,0.037,0,25.5920494,6.793,0.037,0,10.433,33.9
"E07000071","Colchester",200222,4629,23496,39.4,157.30389365,0.0412,0,169.49709365,24.617,0.041,0,35.457,32.2
"E07000072","Epping Forest",137451,4737,34838,42.7,12.18731,0,0,16.24834,3.93,0,0,7.883,32.4
"E07000073","Harlow",98235,2056,21411,37.1,5.58764101,0,0,5.58764101,2.301,0,0,2.301,24.4
"E07000074","Maldon",69131,1832,26820,48.8,42.91211755,59.0685,0,101.98061755,4.736,41.469,0,46.204,25.4
"E07000075","Rochford",89815,2333,26459,44.8,41.666175,0,0,44.528175,2.533,0,0,5.395,22.8
"E07000076","Tendring",156759,3541,23116,50.6,87.4611268,10.687,187,286.6871268,27.857,10.677,184.8,223.833,19.9
"E07000077","Uttlesford",95106,3115,33280,44.5,55.32528,0.02,0,60.92428,35.061,0.031,0,40.671,36.6
"E07000095","Broxbourne",101900,2576,25744,40,5.80247109,0,0,18.75647109,2.686,0.08,0,2.766,27.3
"E07000096","Dacorum",161420,4793,30369,40.5,26.2252022,0.032,0,26.2572022,3.495,0.112,0,3.607,37.8
"E07000242","East Hertfordshire",156875,4966,32373,42.3,18.988953,0.034,0,30.867953,5.103,0.034,0,14.444,38.6
"E07000098","Hertsmere",110212,4060,37246,41.6,18.834257,0,0,21.834257,1.794,0,0,1.794,39.6
"E07000099","North Hertfordshire",137201,3946,29099,42.5,39.39297,0,0,45.14297,15.247,0.005,0,19.502,41.5
"E07000240","St Albans",151012,5700,38321,42.2,14.8015155,0.047,0,14.8485155,3.722,0.047,0,3.769,53
"E07000243","Stevenage",91774,1974,21903,38.4,7.678385,0,0,7.678385,1.608,0.5,0,2.108,29.6
"E07000102","Three Rivers",95807,3452,36455,42.6,6.282905,0.23,0,9.392905,1.568,0.23,0,4.678,42.7
"E07000103","Watford",107171,2720,26109,37,4.58605923,0,0,4.58605923,0.859,0,0,0.859,41.1
"E07000241","Welwyn Hatfield",122819,3369,27671,38.2,9.12499,0,0,10.62699,3.937,0,0,3.952,37.3
"E07000143","Breckland",146620,3168,21834,47.2,95.284804,22.8354,0,216.337204,52.646,22.839,0,120.635,23.1
"E07000144","Broadland",138157,3331,24571,48,54.688934,4.0055,0,64.879434,18.695,3.686,0,30.766,27.4
"E07000145","Great Yarmouth",100529,1971,19700,46.2,28.0861,4.894,60,92.9801,19.266,4.488,60,83.754,18.2
"E07000146","King's Lynn and West Norfolk",156206,3472,22290,48.1,120.2963414,32.44715,573,733.5944914,29.618,3.031,0,39.534,23.3
"E07000147","North Norfolk",103217,2490,24122,56,190.689845,1.157,718,915.209845,61.889,0.263,316,383.017,26.2
"E07000148","Norwich",147182,2828,19424,35,12.738422,0,0,14.138422,2.942,0,0,4.342,34.1
"E07000149","South Norfolk",148448,3575,24378,46.3,109.409987,0.47462,0,120.117607,13.915,0.389,0,23.157,32
"E07000200","Babergh",97033,2518,26268,49.1,22.621765,0.028,0,24.052765,7.525,0.059,0,8.188,29.5
"E07000244","East Suffolk",249664,6065,24545,50.7,155.5241566,18.50205,1570.8,1759.1832066,NA,NA,NA,NA,27.6
"E07000202","Ipswich",140274,2889,20728,38.8,16.369575,0,0,22.224575,4.644,0,0,7.924,26.2
"E07000203","Mid Suffolk",110775,2730,25269,47.8,42.69685,12.42542,0,103.30627,25.955,12.276,0,79.315,30
"E07000245","West Suffolk",188485,4242,22797,41.4,160.306327,0.538,0,170.269327,NA,NA,NA,NA,28.5
"E09000007","Camden",216943,13620,61657,33.8,6.669315,0,0,6.669315,1.196,0,0,1.196,57.3
"E09000001","City of London",15111,1742,129429,33.3,1.11637,0,0,1.11637,0.135,0,0,0.135,74.2
"E09000012","Hackney",266758,8955,34013,32.6,8.4986595,0,0,8.4986595,1.509,0,0,1.509,52.4
"E09000013","Hammersmith and Fulham",188687,9598,51554,33.8,3.53837688,0,0,3.53837688,0.505,0,0,0.505,57.6
"E09000014","Haringey",263850,9923,37746,36.4,7.49016927,0.003,0,7.49316927,1.995,0,0,1.995,48.3
"E09000019","Islington",223024,9255,41955,32.9,6.324132,0.006,0,6.460132,1.427,0.006,0,1.563,56.6
"E09000020","Kensington and Chelsea",144518,16317,110651,39.1,1.883784,0.004,0,1.887784,0.397,0.004,0,0.401,59.5
"E09000022","Lambeth",316920,11241,35607,33.2,8.974207,0,0,8.974207,1.415,0,0,1.415,56.3
"E09000023","Lewisham",301255,8812,29500,35.9,9.68933138,0,0,44.68933138,2.627,0,0,37.627,49.8
"E09000025","Newham",374523,8786,24233,31.4,8.665385,2.3385,0,46.1392591279712,1.694,2.262,0,21.393,40.2
"E09000028","Southwark",314786,10928,34635,33.6,11.527193,0.0195,0,11.931693,1.906,0.014,0,2.305,54.9
"E09000030","Tower Hamlets",331886,10224,31111,30.6,8.0080776,0.006,0,8.0140776,1.157,0.023,0,1.179,50.3
"E09000032","Wandsworth",337655,15845,47804,33,8.097265,0.006,0,8.103265,1.508,0.006,0,1.514,62.6
"E09000033","Westminster",209996,16155,76381,35.6,5.3247055,0,0,6.5197055,1.212,0,0,3.107,57.7
"E09000002","Barking and Dagenham",232747,4708,21179,32.9,10.97455435,0.0025,0,14.53705435,2.614,0.003,0,2.616,33.3
"E09000003","Barnet",405050,14568,36880,38.1,13.523204,0.0075,0,13.530704,2.068,0.005,0,2.073,49
"E09000004","Bexley",256434,6452,25722,39.4,12.7652275,2.8,0,112.4652275,4.71,2.74,0,94.91,31.6
"E09000005","Brent",352976,10187,29569,34.9,11.136238,0.003,0,11.439238,1.805,0,0,2.08,40
"E09000006","Bromley",335319,11392,34399,41.7,16.101354,0,0,16.101354,3.942,0,0,3.942,42.8
"E09000008","Croydon",409342,10777,27096,37.5,18.84622875,0.0025,0,19.86372875,4.198,0.003,0,4.201,41
"E09000009","Ealing",385985,11424,30437,36.4,16.196938,0.016,0,16.452938,3.132,0.005,0,3.362,44.3
"E09000010","Enfield",327434,9162,27981,38.1,12.930903,0,0,66.216903,2.684,0,0,59.174,36.3
"E09000011","Greenwich",299528,8368,28453,35.4,13.661028,0.0205,0,13.681528,1.854,0.021,0,1.875,45.7
"E09000015","Harrow",270724,8232,31249,37.8,9.619715,0,0,9.619715,1.862,0,0,1.862,45
"E09000016","Havering",276274,7263,27088,38.9,16.22103604,5.9295,0,52.83653604,3.161,5.924,0,41.145,29.5
"E09000017","Hillingdon",329185,8183,25649,36.3,13.338515,0.0176,0,15.486115,2.171,0.017,0,4.318,37.5
"E09000018","Hounslow",299424,8473,28652,36.9,15.845974,0.1155,0,22.781474,2.118,0.116,0,11.497,41.6
"E09000021","Kingston upon Thames",172692,5835,34234,38.8,7.523765,0,0,8.863765,1.597,0,0,2.535,51.4
"E09000024","Merton",218539,8053,37416,37.8,9.549085,0.0042,0,11.253285,1.823,0.004,0,1.828,50
"E09000026","Redbridge",321231,8600,27443,35.4,8.59521,0,0,8.59521,1.622,0,0,1.622,42.4
"E09000027","Richmond upon Thames",196678,9710,49666,42.6,8.475484,0,0,8.475484,1.746,0,0,1.746,60.4
"E09000029","Sutton",214525,5773,27343,40.1,10.285005,0,0,48.466005,2.562,0,0,10.858,39.8
"E09000031","Waltham Forest",279737,7756,28104,36.3,11.852038,0,0,11.852038,3.636,0,0,3.636,43.2
"E06000036","Bracknell Forest",130806,3481,27124,39.8,12.7605,0.005,0,13.5125,7.909,0.005,0,8.279,35.6
"E06000043","Brighton and Hove",283870,8070,28857,37.9,22.5330392,0.016,0,22.5490392,4.88,0.016,0,4.896,44.5
"E06000046","Isle of Wight",141660,3180,22568,52.1,99.3173728,0.00763,0,102.7000028,51.93,0.008,0,55.728,27.4
"E06000035","Medway",292655,6618,23074,38.6,31.741943,0.072,0,38.016943,10.387,0.012,0,12.671,25.6
"E06000042","Milton Keynes",305884,7207,24164,38,74.038096,14.51784,0,105.958936,15.194,14.018,0,38.249,35.8
"E06000044","Portsmouth",214321,4417,21003,36.4,16.70790526,0,0,36.86390526,4.58,0,0,24.736,30
"E06000038","Reading",182907,4375,24551,35.1,11.88178,0,0,21.59978,2.894,0,0,10.212,40.4
"E06000039","Slough",167359,3408,21205,34.5,6.541706,0,0,127.085706,2.342,0,0,106.215,34.8
"E06000045","Southampton",259424,5089,19872,34.3,18.32545312,0,0,19.42545312,7.373,0,0,8.473,31.6
"E06000037","West Berkshire",165112,5180,31706,43.5,43.3178865,0.516,0,44.5228865,7.9,0.016,0,8.494,37
"E06000040","Windsor and Maidenhead",158943,5725,36876,42.7,16.1585263,0,0,17.5365263,3.745,0,0,4.813,45
"E06000041","Wokingham",187200,5598,30443,41.4,51.8164234,2.005,0,56.2074234,5.727,2.005,0,9.187,46.2
"E06000060","Buckinghamshire",578772,18619,32856,42.1,224.42586356,1.555,0,294.00185356,NA,NA,NA,NA,41
"E07000061","Eastbourne",104259,2376,22888,45.3,9.5326218,0,0,9.5326218,3.69,0,0,3.69,29.8
"E07000062","Hastings",91219,1934,21298,43.8,7.2004319,0,0,11.0434319,2.256,0,0,6.099,28.6
"E07000063","Lewes",102363,2967,29269,48.8,23.742073,0.906,0,49.959073,5.819,0.906,0,32.536,34.8
"E07000064","Rother",96133,2568,27069,53.7,18.790481,0.005,0,18.795481,5.393,0.005,0,5.398,29.9
"E07000065","Wealden",166908,4940,30000,49.5,94.108545,7.505,0,101.613545,11.745,0.005,0,11.75,32.6
"E07000084","Basingstoke and Deane",193110,5308,27908,40.9,46.032395,1,0,65.676805,14.783,1,0,29.079,35.2
"E07000085","East Hampshire",129975,3893,30307,47,59.32199592,0.012,0,59.33399592,11.363,0.012,0,11.375,38.7
"E07000086","Eastleigh",142933,3401,24127,41.8,30.57320282,0.006,0,38.22920282,10.827,0.006,0,15.483,33.1
"E07000087","Fareham",115428,2936,25716,47.7,35.34286,0,0,35.34286,25.355,0,0,25.355,33.4
"E07000088","Gosport",82921,1752,21263,43.9,7.562786,0,0,7.562786,2.135,0,0,2.135,24.8
"E07000089","Hart",103162,3279,32292,43.6,21.771581,0.005,0,22.423581,4.02,0.005,0,4.626,41.4
"E07000090","Havant",126985,3048,24248,46,16.08963402,0,0,20.18563402,6.228,0,0,10.324,26.5
"E07000091","New Forest",176116,4968,28322,52.4,75.434985,0.012,0,101.221985,34.179,0.006,0,61.46,31.2
"E07000092","Rushmoor",105751,2320,22540,38,8.6179825,0,0,8.6179825,1.946,0,0,1.946,29.8
"E07000093","Test Valley",135201,3782,28128,44.1,197.777279,0.021,0,199.129879,48.343,0.521,0,50.195,35.7
"E07000094","Winchester",135632,4265,32202,42.5,133.604163,0.036,0,134.029063,24.48,0.036,0,24.526,44.9
"E07000105","Ashford",140936,3552,25687,41.7,46.57401,0.042,0,49.76601,7.385,0.042,0,10.577,30.1
"E07000106","Canterbury",162100,3722,23272,41.7,119.19368,0,139.5,269.19968,37.852,0.02,90,138.378,33.1
"E07000107","Dartford",125011,2967,24579,37.3,14.23991,0,0,21.63891,2.206,0,0,10.081,32.4
"E07000108","Dover",119768,2760,23269,46,37.48371,0.027,300,366.91471,16.938,0.027,300,317.465,27
"E07000112","Folkestone and Hythe",112411,2690,24236,47.3,35.08327,59.8515,0,95.26777,NA,NA,NA,NA,27.4
"E07000109","Gravesham",110671,2607,24201,38.8,10.15384134,0,0,10.70384134,4.431,0,0,4.761,26.7
"E07000110","Maidstone",187767,4771,25905,40.9,32.74475292,0.028,0,76.27445292,13.231,0.028,0,56.263,29.9
"E07000111","Sevenoaks",122748,4591,37860,44.4,14.0738515,0.016,0,18.0388515,4.198,0.016,0,7.664,37.3
"E07000113","Swale",158379,3584,22987,41.1,72.3128768,31.212966,630,809.6148428,25.559,4.808,630,661.057,23.7
"E07000114","Thanet",142691,3244,23099,44.8,53.619315,0,0,53.868315,42.653,0,0,43.401,26.3
"E07000115","Tonbridge and Malling",136853,3824,28282,42.3,27.05248,0.0072,0,35.43768,4.426,0.001,0,19.259,32.5
"E07000116","Tunbridge Wells",119694,3906,33378,43.2,48.220004,0,0,49.209004,4.651,0,0,4.741,41.1
"E07000177","Cherwell",170426,4490,26994,40.4,134.696673,0.0188,0,173.117473,42.523,0.019,0,82.394,35.1
"E07000178","Oxford",166034,4092,24772,31.8,15.18354,0.011,0,15.28734,6.078,0.011,0,6.134,48.1
"E07000179","South Oxfordshire",156470,5140,33505,43.8,55.278179,0,0,61.015179,9.228,0,0,14.466,43.6
"E07000180","Vale of White Horse",149347,4266,29226,41.4,165.0314888,6.547,0,188.8195888,110.991,6.547,0,132.434,44
"E07000181","West Oxfordshire",120941,3845,32220,43.8,83.0062855,0.006,0,85.2572855,54.021,0.006,0,56.181,38.3
"E07000207","Elmbridge",141926,6823,48562,43.3,18.644515,0,0,18.644515,3.95,0,0,3.95,52.1
"E07000208","Epsom and Ewell",83288,2540,30982,42,4.8802568,0,0,4.8802568,0.958,0,0,0.958,44.3
"E07000209","Guildford",151359,5358,35921,38.7,17.0385501,0.002,0,18.6155501,4.258,0.002,0,5.835,44.1
"E07000210","Mole Valley",88709,3395,38465,47.7,11.4007707,0,0,12.4307707,3.553,0,0,4.583,43.1
"E07000211","Reigate and Banstead",159134,5006,32092,41.1,15.010132,0,0,19.935132,3.143,0,0,8.068,40.2
"E07000212","Runnymede",92118,2847,31483,39.1,8.952745,0,0,17.603745,1.546,0,0,10.127,35.3
"E07000213","Spelthorne",107074,2900,27896,41,9.603019,0,0,13.703019,1.169,0,0,1.169,33.6
"E07000214","Surrey Heath",94492,3062,33217,43.6,8.45424,0,0,9.39024,2.09,0,0,2.45,39.2
"E07000215","Tandridge",90586,3075,34393,44,10.44329079,0,0,12.87929079,3.283,0,0,5.775,37.4
"E07000216","Waverley",134284,5269,39876,44.7,18.416805,0,0,23.139805,7.528,0,0,12.251,46.6
"E07000217","Woking",105679,3483,33289,40.5,11.93728,0,0,11.93728,4.071,0,0,4.071,44.7
"E07000223","Adur",64889,1518,23470,46,6.0791005,0.2098,0,11.3689005,1.772,0.01,0,6.862,27.9
"E07000224","Arun",170064,4222,25129,49.9,72.274712,0.006,0,78.328712,21.73,0.006,0,27.598,26.4
"E07000225","Chichester",128934,4017,31385,48.6,84.36618186,0.017,0,87.28518186,23.176,0.017,0,24.739,37.2
"E07000226","Crawley",124008,2636,21869,37.3,9.698111,0.006,0,10.756111,2.536,0.006,0,3.594,27.5
"E07000227","Horsham",151521,4733,31670,45.7,68.2306976,0.0074,0,82.7220976,12.494,0.007,0,26.456,37
"E07000228","Mid Sussex",161755,4788,30320,43.2,35.283375,0.027,0,36.110375,6.438,0.021,0,6.924,38.7
"E07000229","Worthing",113866,2863,25505,45,8.895595,0,400.2,409.455595,2.419,0,0,2.779,31.7
"E06000022","Bath and North East Somerset",200028,5454,27296,39.2,30.265515,0.118,0,32.971115,13.28,0.118,0,13.468,39.8
"E06000058","Bournemouth, Christchurch and Poole",408967,10206,25259,42.6,133.5540206,0.001,0,147.5250206,NA,NA,NA,NA,32.1
"E06000023","Bristol, City of",494399,11928,24696,33.4,49.14389542,49.8,0,162.71889542,NA,NA,NA,NA,42.1
"E06000052","Cornwall",583289,13426,23216,48,650.4453193,143.4294,0,844.1923193,389.383,105.229,0,510.301,30.6
"E06000059","Dorset",389947,10134,26336,52.2,381.224203,0.9005,0,394.502383,NA,NA,NA,NA,31.5
"E06000053","Isles of Scilly",2366,52,23324,46.1,0.34144,0,0,0.34144,0.243,0,0,0.243,37.9
"E06000024","North Somerset",224578,5964,26970,45.4,99.606986,0.0452,0,102.335186,29.632,5.038,0,38.127,33.9
"E06000026","Plymouth",272067,5435,20223,39.3,36.73387274,0.042,0,75.26687274,15.511,0.042,0,25.116,27.5
"E06000066","Somerset",588328,14265,24547,46.9,534.789593,4.14925,0,596.299723,NA,NA,NA,NA,30.5
"E06000025","South Gloucestershire",306332,7612,25422,39.7,163.21410806,8.3474,0,227.63150806,52.46,1.002,0,61.71,33
"E06000030","Swindon",243875,5296,22214,39.8,201.802541,0,0,208.482541,60.453,0,0,66.918,27.9
"E06000027","Torbay",140126,3115,22335,49.3,12.5526502,0.013,0,12.5656502,5.647,0.002,0,5.649,25.3
"E06000054","Wiltshire",523700,13741,26527,44.8,599.64874145,0.073,0,628.81874145,162.151,0.073,0,180.644,34.2
"E07000040","East Devon",158239,4118,26367,50.9,133.58113,0.2367,0,137.74783,58.198,0.217,0,59.551,33.8
"E07000041","Exeter",138399,2819,20569,35,20.29681361,0,0,25.22981361,6.466,0,0,7.399,34.7
"E07000042","Mid Devon",84993,2020,24003,47.3,68.666153,1.243,0,80.453393,31.889,0.513,0,38.458,30.7
"E07000043","North Devon",101222,2323,23103,48.6,137.86782275,79.3132,0,218.51602275,42.241,68.712,0,111.29,28.5
"E07000044","South Hams",92148,2724,29987,51.3,142.49326574,0.869,0,145.37516574,46.305,0.64,0,48.544,39.9
"E07000045","Teignbridge",138548,3416,24924,50.1,44.613971,0.0828,0,53.662371,13.01,0.063,0,21.943,32.8
"E07000046","Torridge",69841,1560,22672,52.5,125.791815,34.8764,0,169.326215,80.806,23.992,0,111.799,26.2
"E07000047","West Devon",58923,1441,24525,52.7,36.225026,20.3649,0,60.737726,13.244,1.865,0,18.957,34.1
"E07000078","Cheltenham",121739,3173,26389,41,11.552705,0.006,0,11.558705,4.472,0.006,0,4.478,43.1
"E07000079","Cotswold",91661,3417,37351,50.3,73.3965088,0.235,0,78.4870088,38.685,0.075,0,41.548,39.8
"E07000080","Forest of Dean",89753,2032,22810,48.3,76.70751,1.1921,0,80.72291,18.977,0.581,0,21.318,28.8
"E07000081","Gloucester",138598,2748,20355,38.7,12.49939975,0.005,0,24.81839975,3.974,0.005,0,13.893,27.4
"E07000082","Stroud",125680,3423,27487,46.7,67.4625846,2.9894,0,91.6624846,9.634,0.528,0,13.973,38.7
"E07000083","Tewkesbury",101949,2586,26150,43.1,57.453815,0,0,62.773815,5.12,0,0,9.519,35.9
"W06000001","Isle of Anglesey",69097,1425,20572,49.8,101.755114,38.97007,0,143.807184,18.725,39.174,0,58.9,32.3
"W06000002","Gwynedd",120813,2307,19362,44.4,57.7046128,6.2007,0,128.9690128,6.083,4.656,0,69.508,34.5
"W06000003","Conwy",114891,2444,21364,50.7,43.677497,25.9304,666,774.843097,3.208,19.391,518.4,578.23,32.4
"W06000004","Denbighshire",98202,1975,20331,47,21.054419,175.398,60,260.913919,4.895,31.327,60,98.022,30.4
"W06000005","Flintshire",155867,3483,22353,44.7,106.058236,1.0117,0,153.717936,11.472,0.106,0,35.338,29.2
"W06000006","Wrexham",138245,2668,19598,42.8,47.2396734,0.04,0,54.4396734,8.953,0.02,0,15.884,29.1
"W06000023","Powys",135059,2856,21247,51.5,46.12048275,193.3491,0,255.61122075,15.478,123.226,0,149.279,31.9
"W06000008","Ceredigion",72599,1454,19903,47.4,47.808722,86.7038,0,201.895462,6.786,81.712,0,149.478,35.3
"W06000009","Pembrokeshire",125761,2546,20370,49,239.421649,26.854983,0,270.234732,108.162,18.859,0,129.398,31.2
"W06000010","Carmarthenshire",190800,3749,19722,46.9,163.9192482,109.99607,0,277.0153182,81.573,52.426,0,136.059,31.3
"W06000011","Swansea",251304,4726,19152,40.2,67.551631,34.725,0,104.742631,7.467,0.525,0,10.458,32.8
"W06000012","Neath Port Talbot",143249,2690,18827,43.1,36.9458984,133.62,0,234.1904984,8.983,96.02,0,128.542,25.8
"W06000013","Bridgend",147530,2984,20335,43.6,42.430476,110.374,0,157.200876,6.931,69.82,0,78.141,30
"W06000014","Vale of Glamorgan",135743,3298,24478,44.2,87.8990375,1.1025,0,101.7185375,NA,NA,NA,NA,37.3
"W06000015","Cardiff",383919,7679,20020,34.4,35.05060937,2.306,0,83.14760937,7.818,2.306,0,19.324,40
"W06000016","Rhondda Cynon Taf",242844,4365,18100,41.4,63.85568199,311.104,0,379.04108199,NA,NA,NA,NA,26.7
"W06000024","Merthyr Tydfil",58972,1083,18488,41.2,5.570695,2.905,0,10.174695,1.711,0.5,0,2.211,25
"W06000018","Caerphilly",176865,3445,19526,42.6,68.2314321,17.318,0,94.5584321,6.3,6.018,0,20.148,25.3
"W06000019","Blaenau Gwent",67873,1119,16611,42.9,27.8915666,2.916,0,36.3750666,1.396,0.5,0,3.876,21.6
"W06000020","Torfaen",94119,1821,19491,42.2,20.7032371,0.0045,0,22.3212371,4.66,0.005,0,5.894,26.8
"W06000021","Monmouthshire",94930,2462,26030,49.6,87.844011,0.2701,0,95.947511,15.416,0.04,0,22.168,39.4
"W06000022","Newport",167899,3150,19250,38.5,107.7375333,19.14,0,177.9565333,8.982,9.27,0,20.252,31
"S12000033","Aberdeen City",231780,5143,22582,38.8,14.89969519,1.437,49.625,82.51659519,4.347,0.937,0,10.289,38.0992225729235
"S12000034","Aberdeenshire",265080,6629,25080,45.7,80.15026,521.648965,1008.8,1622.590425,17.404,419.956,0,444.525,31.1128060123521
"S12000041","Angus",114810,2599,22631,48.7,58.42096,19.8498,0,86.35166,8.644,14.706,0,28.321,28.3309213197705
"S12000035","Argyll and Bute",87690,2053,23379,51.7,13.710952,426.48188,0,740.034132,NA,NA,NA,NA,33.999400675602
"S12000036","City of Edinburgh",530680,15231,29109,37.1,28.02506462,0.0975,0,35.62956462,NA,NA,NA,NA,49.9843011985694
"S12000005","Clackmannanshire",52110,1120,21567,45.2,10.6454,42.411,0,53.1664,2.048,30.111,0,32.322,25.9654011378149
"S12000006","Dumfries and Galloway",145860,3283,22534,51.5,30.651549,929.18411,174,1352.645559,NA,NA,NA,NA,25.9924355078554
"S12000042","Dundee City",149880,2851,18954,38.4,9.27384066,0.106,0,20.60314066,2.508,0.106,0,13.464,31.2669195448193
"S12000008","East Ayrshire",121480,2468,20440,45.5,11.47584,649.272,0,667.21514,3.634,232.818,0,242.382,23.4360775133307
"S12000045","East Dunbartonshire",109970,3075,28153,46.8,11.20274,0.011,0,12.21174,2.132,0.011,0,2.143,42.9071413444498
"S12000010","East Lothian",115180,2962,26042,44.9,17.51982,216.2917,1299.005,1576.76452,3.873,50.073,0,60.976,34.6185166284839
"S12000011","East Renfrewshire",99830,2819,28595,44.2,5.992375,361.0608,0,367.053175,1.31,370.343,0,371.653,44.583446299237
"S12000014","Falkirk",160020,3416,21537,43.9,12.03229,48.5325,0,95.52179,3.091,0.397,0,15.567,25.7441189677085
"S12000047","Fife",374760,8177,21909,44.6,58.9030106,99.9137,7.35,272.2232106,11.859,59.176,7.35,175.204,28.6365572247174
"S12000049","Glasgow City",650300,12643,20006,35.5,24.145926,3.0531,0,58.413026,5.94,3.208,0,22.362,34.7263476976039
"S12000017","Highland",237290,5583,23625,48.1,40.002307,2043.77719,0,2944.972677,12.952,842.789,0,1596.431,31.1599616374741
"S12000018","Inverclyde",78880,1683,21486,46.8,4.24984,26.44632,0,30.77316,0.979,1.028,0,2.085,24.5953474365731
"S12000019","Midlothian",99880,2285,23258,41.7,13.2288122,48.5525,0,81.0923122,2.701,32.909,0,40.934,29.4776357623504
"S12000020","Moray",95010,2071,21873,46.4,17.93807,501.24212,1538,2086.53718,5.4,281.431,10,306.717,26.9093247588424
"S12000013","Na h-Eileanan Siar",26020,597,22940,51.5,2.42701,47.9674,0,52.89121,NA,NA,NA,NA,31.1400739604943
"S12000021","North Ayrshire",134010,2731,20448,48,39.65655759,133.3515,0,209.19205759,3.837,115.831,0,151.188,24.1151507586969
"S12000050","North Lanarkshire",344540,6854,20049,42.4,27.683753,98.87,0,177.436753,5.692,14.885,0,52.1,23.1088485297575
"S12000023","Orkney Islands",22020,475,21575,49.6,2.38551,52.38085,0,58.22836,1.301,50.045,0,58.234,31.9058976582827
"S12000048","Perth and Kinross",154420,3861,25305,47.8,46.52934826,340.4669,0,672.66544826,NA,NA,NA,NA,35.8451657589019
"S12000038","Renfrewshire",189170,3811,20432,42.6,14.99889976,0.015,0,15.21189976,3.558,0.014,0,3.572,30.541491906469
"S12000026","Scottish Borders",116980,2772,23765,50.9,28.49793,687.8187,0,719.95218,9.599,546.654,0,557.836,32.0408929096644
"S12000027","Shetland Islands",23190,574,24953,45,1.53682,456.98105,0,459.03637,0.167,5.696,0,5.882,29.6451938932922
"S12000028","South Ayrshire",112260,2550,22804,50.2,9.9609,690.5222,0,717.4696,3.478,297.204,0,316.621,30.5466816171959
"S12000029","South Lanarkshire",334030,7378,22339,43.9,29.817667,1505.6802,0,1579.606867,8.578,659.206,0,697.218,28.3272130520212
"S12000030","Stirling",94210,2334,24946,43.7,25.8996,159.6366,0,279.7946,5.664,134.068,0,210.362,39.6402988523454
"S12000039","West Dunbartonshire",89120,1653,18626,43.7,6.043576,0,0,12.399256,2.443,0.012,0,7.609,21.6699828286407
"S12000040","West Lothian",186440,4087,22233,42,21.55191,155.1023,0,177.65421,4.871,15.107,0,20.978,27.8431611683639
"N09000001","Antrim and Newtownabbey",148100,3022,20519,41,45.212442,38.52752,0,92.292562,NA,NA,NA,NA,0.315217017766934
"N09000002","Armagh City, Banbridge and Craigavon",222511,4439,20019,39.6,34.0982629,17.3014,0,74.2345229,NA,NA,NA,NA,0.303785509321472
"N09000003","Belfast",352390,6895,19671,36.4,11.6561561,1.132,0,48.1655561,0.096,0.012,0,5.982,0.34426757749565
"N09000004","Causeway Coast and Glens",141954,2957,20861,43.1,73.0763429,380.92735,0,463.2264229,NA,NA,NA,NA,0.291892602163725
"N09000005","Derry City and Strabane",152383,2843,18847,40,11.83389,297.27118,0,346.395881540528,NA,NA,NA,NA,0.296423792009292
"N09000006","Fermanagh and Omagh",117687,2315,19752,41.8,13.8447302,460.885970000001,0,489.808200200001,NA,NA,NA,NA,0.317824655211764
"N09000007","Lisburn and Castlereagh",151669,3398,22529,41.4,93.0320604,7.3401,0,112.9311604,NA,NA,NA,NA,0.392021661256958
"N09000008","Mid and East Antrim",139913,2865,20491,43.7,25.8872062,119.46442,0,152.7767562,NA,NA,NA,NA,0.287534822020783
"N09000009","Mid Ulster",152718,3118,20511,38.4,23.5609599,125.00752,0,167.2834499,NA,NA,NA,NA,0.293206754338184
"N09000010","Newry, Mourne and Down",183115,3650,19898,40.5,20.1581371,11.5569,0,37.4540371,NA,NA,NA,NA,0.317863305045952
"N09000011","Ards and North Down",165415,3679,22307,45.3,19.3159123,7.2415,0,30.2144123,NA,NA,NA,NA,0.341458317784909
